,Close
0,4023.96826171875
1,4035.826416015625
2,4022.168212890625
3,3963.070556640625
4,3985.080810546875
5,4087.066162109375
6,4069.107177734375
7,4098.37451171875
8,4106.66015625
9,4105.404296875
10,4158.18310546875
11,4879.8779296875
12,4973.02197265625
13,4922.798828125
14,5036.68115234375
15,5059.8173828125
16,5198.89697265625
17,5289.77099609375
18,5204.95849609375
19,5324.5517578125
20,5064.48779296875
21,5089.5390625
22,5096.58642578125
23,5167.72216796875
24,5067.1083984375
25,5235.5595703125
26,5251.93798828125
27,5298.3857421875
28,5303.8125
29,5337.88623046875
30,5314.53125
31,5399.365234375
32,5572.3623046875
33,5464.86669921875
34,5210.515625
35,5279.34814453125
36,5268.291015625
37,5285.13916015625
38,5247.3525390625
39,5350.7265625
40,5402.697265625
41,5505.28369140625
42,5768.28955078125
43,5831.16748046875
44,5795.70849609375
45,5746.80712890625
46,5829.50146484375
47,5982.45751953125
48,6174.52880859375
49,6378.84912109375
50,7204.771484375
51,6972.37158203125
52,7814.9150390625
53,7994.416015625
54,8205.16796875
55,7884.9091796875
56,7343.8955078125
57,7271.2080078125
58,8197.689453125
59,7978.30908203125
60,7963.32763671875
61,7680.06640625
62,7881.8466796875
63,7987.37158203125
64,8052.5439453125
65,8673.2158203125
66,8805.7783203125
67,8719.9619140625
68,8659.4873046875
69,8319.47265625
70,8574.501953125
71,8564.0166015625
72,8742.9580078125
73,8208.9951171875
74,7707.77099609375
75,7824.2314453125
76,7822.0234375
77,8043.951171875
78,7954.1279296875
79,7688.0771484375
80,8000.32958984375
81,7927.71435546875
82,8145.857421875
83,8230.923828125
84,8693.8330078125
85,8838.375
86,8994.48828125
87,9320.3525390625
88,9081.7626953125
89,9273.521484375
90,9527.16015625
91,10144.556640625
92,10701.69140625
93,10855.37109375
94,11011.1025390625
95,11790.9169921875
96,13016.2314453125
97,11182.806640625
98,12407.33203125
99,11959.37109375
100,10817.1552734375
101,10583.134765625
102,10801.677734375
103,11961.26953125
104,11215.4375
105,10978.4599609375
106,11208.55078125
107,11450.8466796875
108,12285.9580078125
109,12573.8125
110,12156.5126953125
111,11358.662109375
112,11815.986328125
113,11392.37890625
114,10256.05859375
115,10895.08984375
116,9477.6416015625
117,9693.802734375
118,10666.482421875
119,10530.732421875
120,10767.1396484375
121,10599.10546875
122,10343.1064453125
123,9900.767578125
124,9811.92578125
125,9911.841796875
126,9870.3037109375
127,9477.677734375
128,9552.8603515625
129,9519.1455078125
130,9607.423828125
131,10085.6279296875
132,10399.6689453125
133,10518.1748046875
134,10821.7265625
135,10970.1845703125
136,11805.6533203125
137,11478.1689453125
138,11941.96875
139,11966.4072265625
140,11862.9365234375
141,11354.0244140625
142,11523.5791015625
143,11382.6162109375
144,10895.830078125
145,10051.7041015625
146,10311.5458984375
147,10374.3388671875
148,10231.744140625
149,10345.810546875
150,10916.0537109375
151,10763.232421875
152,10138.0498046875
153,10131.0556640625
154,10407.96484375
155,10159.9609375
156,10138.517578125
157,10370.8203125
158,10185.5
159,9754.4228515625
160,9510.2001953125
161,9598.173828125
162,9630.6640625
163,9757.970703125
164,10346.7607421875
165,10623.5400390625
166,10594.4931640625
167,10575.533203125
168,10353.302734375
169,10517.2548828125
170,10441.2763671875
171,10334.974609375
172,10115.9755859375
173,10178.3720703125
174,10410.126953125
175,10360.546875
176,10358.048828125
177,10347.712890625
178,10276.7939453125
179,10241.2724609375
180,10198.248046875
181,10266.4150390625
182,10181.6416015625
183,10019.716796875
184,10070.392578125
185,9729.32421875
186,8620.56640625
187,8486.9931640625
188,8118.9677734375
189,8251.845703125
190,8245.9150390625
191,8104.185546875
192,8293.8681640625
193,8343.2763671875
194,8393.0419921875
195,8259.9921875
196,8205.939453125
197,8151.50048828125
198,7988.15576171875
199,8245.623046875
200,8228.783203125
201,8595.740234375
202,8586.4736328125
203,8321.7568359375
204,8336.5556640625
205,8321.005859375
206,8374.6865234375
207,8205.369140625
208,8047.52685546875
209,8103.9111328125
210,7973.20751953125
211,7988.560546875
212,8222.078125
213,8243.720703125
214,8078.203125
215,7514.671875
216,7493.48876953125
217,8660.7001953125
218,9244.97265625
219,9551.71484375
220,9256.1484375
221,9427.6875
222,9205.7265625
223,9199.5849609375
224,9261.1044921875
225,9324.7177734375
226,9235.3544921875
227,9412.6123046875
228,9342.52734375
229,9360.8798828125
230,9267.5615234375
231,8804.880859375
232,8813.58203125
233,9055.5263671875
234,8757.7880859375
235,8815.662109375
236,8808.2626953125
237,8708.0947265625
238,8491.9921875
239,8550.7607421875
240,8577.9755859375
241,8309.2861328125
242,8206.1455078125
243,8027.26806640625
244,7642.75
245,7296.57763671875
246,7397.796875
247,7047.9169921875
248,7146.1337890625
249,7218.37109375
250,7531.66357421875
251,7463.10595703125
252,7761.24365234375
253,7569.6298828125
254,7424.29248046875
255,7321.98828125
256,7320.1455078125
257,7252.03466796875
258,7448.3076171875
259,7546.99658203125
260,7556.23779296875
261,7564.34521484375
262,7400.8994140625
263,7278.11962890625
264,7217.42724609375
265,7243.13427734375
266,7269.6845703125
267,7124.673828125
268,7152.3017578125
269,6932.48046875
270,6640.51513671875
271,7276.802734375
272,7202.84423828125
273,7218.81640625
274,7191.15869140625
275,7511.5888671875
276,7355.62841796875
277,7322.5322265625
278,7275.15576171875
279,7238.966796875
280,7290.08837890625
281,7317.990234375
282,7422.65283203125
283,7292.9951171875
284,7193.59912109375
285,7200.17431640625
286,6985.47021484375
287,7344.88427734375
288,7410.65673828125
289,7411.3173828125
290,7769.21923828125
291,8163.6923828125
292,8079.86279296875
293,7879.0712890625
294,8166.55419921875
295,8037.53759765625
296,8192.494140625
297,8144.1943359375
298,8827.7646484375
299,8807.0107421875
300,8723.7861328125
301,8929.0380859375
302,8942.80859375
303,8706.2451171875
304,8657.642578125
305,8745.89453125
306,8680.8759765625
307,8406.515625
308,8445.4345703125
309,8367.84765625
310,8596.830078125
311,8909.8193359375
312,9358.58984375
313,9316.6298828125
314,9508.9931640625
315,9350.529296875
316,9392.875
317,9344.365234375
318,9293.521484375
319,9180.962890625
320,9613.423828125
321,9729.8017578125
322,9795.943359375
323,9865.119140625
324,10116.673828125
325,9856.611328125
326,10208.236328125
327,10326.0546875
328,10214.3798828125
329,10312.1162109375
330,9889.4248046875
331,9934.43359375
332,9690.142578125
333,10141.99609375
334,9633.38671875
335,9608.4755859375
336,9686.44140625
337,9663.181640625
338,9924.515625
339,9650.1748046875
340,9341.705078125
341,8820.5224609375
342,8784.494140625
343,8672.455078125
344,8599.5087890625
345,8562.4541015625
346,8869.669921875
347,8787.7861328125
348,8755.24609375
349,9078.7626953125
350,9122.5458984375
351,8909.9541015625
352,8108.1162109375
353,7923.64453125
354,7909.7294921875
355,7911.43017578125
356,4970.7880859375
357,5563.70703125
358,5200.3662109375
359,5392.31494140625
360,5014.47998046875
361,5225.62939453125
362,5238.4384765625
363,6191.19287109375
364,6198.7783203125
365,6185.06640625
366,5830.2548828125
367,6416.31494140625
368,6734.8037109375
369,6681.06298828125
370,6716.4404296875
371,6469.79833984375
372,6242.19384765625
373,5922.04296875
374,6429.841796875
375,6438.64453125
376,6606.7763671875
377,6793.62451171875
378,6733.38720703125
379,6867.52734375
380,6791.12939453125
381,7271.78125
382,7176.41455078125
383,7334.0986328125
384,7302.08935546875
385,6865.4931640625
386,6859.0830078125
387,6971.091796875
388,6845.03759765625
389,6842.427734375
390,6642.10986328125
391,7116.80419921875
392,7096.1845703125
393,7257.6650390625
394,7189.4248046875
395,6881.95849609375
396,6880.3232421875
397,7117.20751953125
398,7429.724609375
399,7550.90087890625
400,7569.93603515625
401,7679.8671875
402,7795.60107421875
403,7807.05859375
404,8801.0380859375
405,8658.5537109375
406,8864.7666015625
407,8988.5966796875
408,8897.46875
409,8912.654296875
410,9003.0703125
411,9268.76171875
412,9951.5185546875
413,9842.666015625
414,9593.896484375
415,8756.4306640625
416,8601.7958984375
417,8804.4775390625
418,9269.9873046875
419,9733.7216796875
420,9328.197265625
421,9377.013671875
422,9670.7392578125
423,9726.5751953125
424,9729.0380859375
425,9522.9814453125
426,9081.76171875
427,9182.5771484375
428,9209.287109375
429,8790.3681640625
430,8906.9345703125
431,8835.052734375
432,9181.017578125
433,9525.7509765625
434,9439.1240234375
435,9700.4140625
436,9461.05859375
437,10167.2685546875
438,9529.8037109375
439,9656.7177734375
440,9800.63671875
441,9665.533203125
442,9653.6796875
443,9758.8525390625
444,9771.4892578125
445,9795.7001953125
446,9870.0947265625
447,9321.78125
448,9480.84375
449,9475.27734375
450,9386.7880859375
451,9450.7021484375
452,9538.0244140625
453,9480.2548828125
454,9411.8408203125
455,9288.0185546875
456,9332.3408203125
457,9303.6298828125
458,9648.7177734375
459,9629.658203125
460,9313.6103515625
461,9264.8134765625
462,9162.91796875
463,9045.390625
464,9143.58203125
465,9190.8544921875
466,9137.9931640625
467,9228.3251953125
468,9123.41015625
469,9087.3037109375
470,9132.48828125
471,9073.9423828125
472,9375.474609375
473,9252.27734375
474,9428.3330078125
475,9277.9677734375
476,9278.8076171875
477,9240.3466796875
478,9276.5
479,9243.6142578125
480,9243.2138671875
481,9192.8369140625
482,9132.2275390625
483,9151.392578125
484,9159.0400390625
485,9185.8173828125
486,9164.2314453125
487,9374.8876953125
488,9525.36328125
489,9581.072265625
490,9536.892578125
491,9677.11328125
492,9905.1669921875
493,10990.873046875
494,10912.8232421875
495,11100.4677734375
496,11111.2138671875
497,11323.466796875
498,11759.5927734375
499,11053.6142578125
500,11246.3486328125
501,11205.892578125
502,11747.0224609375
503,11779.7734375
504,11601.47265625
505,11754.0458984375
506,11675.7392578125
507,11878.111328125
508,11410.525390625
509,11584.9345703125
510,11784.1376953125
511,11768.87109375
512,11865.6982421875
513,11892.8037109375
514,12254.40234375
515,11991.2333984375
516,11758.283203125
517,11878.3720703125
518,11592.4892578125
519,11681.8251953125
520,11664.84765625
521,11774.595703125
522,11366.134765625
523,11488.36328125
524,11323.3974609375
525,11542.5
526,11506.865234375
527,11711.505859375
528,11680.8203125
529,11970.478515625
530,11414.0341796875
531,10245.296875
532,10511.8134765625
533,10169.5673828125
534,10280.3515625
535,10369.5634765625
536,10131.5166015625
537,10242.34765625
538,10363.138671875
539,10400.9150390625
540,10442.1708984375
541,10323.755859375
542,10680.837890625
543,10796.951171875
544,10974.9052734375
545,10948.990234375
546,10944.5859375
547,11094.3466796875
548,10938.271484375
549,10462.259765625
550,10538.4599609375
551,10246.1865234375
552,10760.06640625
553,10692.716796875
554,10750.7236328125
555,10775.26953125
556,10709.65234375
557,10844.640625
558,10784.4912109375
559,10619.4521484375
560,10575.974609375
561,10549.3291015625
562,10669.5830078125
563,10793.33984375
564,10604.40625
565,10668.96875
566,10915.685546875
567,11064.4580078125
568,11296.361328125
569,11384.181640625
570,11555.36328125
571,11425.8994140625
572,11429.5068359375
573,11495.349609375
574,11322.123046875
575,11358.1015625
576,11483.359375
577,11742.037109375
578,11916.3349609375
579,12823.689453125
580,12965.8916015625
581,12931.5390625
582,13108.0625
583,13031.173828125
584,13075.248046875
585,13654.21875
586,13271.28515625
587,13437.8828125
588,13546.5224609375
589,13780.9951171875
590,13737.109375
591,13550.4892578125
592,13950.30078125
593,14133.70703125
594,15579.8486328125
595,15565.880859375
596,14833.75390625
597,15479.5673828125
598,15332.3154296875
599,15290.90234375
600,15701.33984375
601,16276.34375
602,16317.80859375
603,16068.138671875
604,15955.587890625
605,16716.111328125
606,17645.40625
607,17804.005859375
608,17817.08984375
609,18621.314453125
610,18642.232421875
611,18370.001953125
612,18364.12109375
613,19107.46484375
614,18732.12109375
615,17150.623046875
616,17108.40234375
617,17717.4140625
618,18177.484375
619,19625.8359375
620,18802.998046875
621,19201.091796875
622,19445.3984375
623,18699.765625
624,19154.23046875
625,19345.12109375
626,19191.630859375
627,18321.14453125
628,18553.916015625
629,18264.9921875
630,18058.904296875
631,18803.65625
632,19142.3828125
633,19246.64453125
634,19417.076171875
635,21310.59765625
636,22805.162109375
637,23137.9609375
638,23869.83203125
639,23477.294921875
640,22803.08203125
641,23783.029296875
642,23241.345703125
643,23735.94921875
644,24664.791015625
645,26437.037109375
646,26272.294921875
647,27084.80859375
648,27362.4375
649,28840.953125
650,29001.720703125
651,29374.15234375
652,32127.267578125
653,32782.0234375
654,31971.9140625
655,33992.4296875
656,36824.36328125
657,39371.04296875
658,40797.609375
659,40254.546875
660,38356.44140625
661,35566.65625
662,33922.9609375
663,37316.359375
664,39187.328125
665,36825.3671875
666,36178.140625
667,35791.27734375
668,36630.07421875
669,36069.8046875
670,35547.75
671,30825.69921875
672,33005.76171875
673,32067.642578125
674,32289.37890625
675,32366.392578125
676,32569.849609375
677,30432.546875
678,33466.09765625
679,34316.38671875
680,34269.5234375
681,33114.359375
682,33537.17578125
683,35510.2890625
684,37472.08984375
685,36926.06640625
686,38144.30859375
687,39266.01171875
688,38903.44140625
689,46196.46484375
690,46481.10546875
691,44918.18359375
692,47909.33203125
693,47504.8515625
694,47105.515625
695,48717.2890625
696,47945.05859375
697,49199.87109375
698,52149.0078125
699,51679.796875
700,55888.1328125
701,56099.51953125
702,57539.9453125
703,54207.3203125
704,48824.42578125
705,49705.33203125
706,47093.8515625
707,46339.76171875
708,46188.453125
709,45137.76953125
710,49631.2421875
711,48378.98828125
712,50538.2421875
713,48561.16796875
714,48927.3046875
715,48912.3828125
716,51206.69140625
717,52246.5234375
718,54824.1171875
719,56008.55078125
720,57805.12109375
721,57332.08984375
722,61243.0859375
723,59302.31640625
724,55907.19921875
725,56804.90234375
726,58870.89453125
727,57858.921875
728,58346.65234375
729,58313.64453125
730,57523.421875
731,54529.14453125
732,54738.9453125
733,52774.265625
734,51704.16015625
735,55137.3125
736,55973.51171875
737,55950.74609375
738,57750.19921875
739,58917.69140625
740,58918.83203125
741,59095.80859375
742,59384.3125
743,57603.890625
744,58758.5546875
745,59057.87890625
746,58192.359375
747,56048.9375
748,58323.953125
749,58245.00390625
750,59793.234375
751,60204.96484375
752,59893.453125
753,63503.45703125
754,63109.6953125
755,63314.01171875
756,61572.7890625
757,60683.8203125
758,56216.18359375
759,55724.265625
760,56473.03125
761,53906.08984375
762,51762.2734375
763,51093.65234375
764,50050.8671875
765,49004.25390625
766,54021.75390625
767,55033.1171875
768,54824.703125
769,53555.109375
770,57750.17578125
771,57828.05078125
772,56631.078125
773,57200.29296875
774,53333.5390625
775,57424.0078125
776,56396.515625
777,57356.40234375
778,58803.77734375
779,58232.31640625
780,55859.796875
781,56704.57421875
782,49150.53515625
783,49716.19140625
784,49880.53515625
785,46760.1875
786,46456.05859375
787,43537.51171875
788,42909.40234375
789,37002.44140625
790,40782.73828125
791,37304.69140625
792,37536.6328125
793,34770.58203125
794,38705.98046875
795,38402.22265625
796,39294.19921875
797,38436.96875
798,35697.60546875
799,34616.06640625
800,35678.12890625
801,37332.85546875
802,36684.92578125
803,37575.1796875
804,39208.765625
805,36894.40625
806,35551.95703125
807,35862.37890625
808,33560.70703125
809,33472.6328125
810,37345.12109375
811,36702.59765625
812,37334.3984375
813,35552.515625
814,39097.859375
815,40218.4765625
816,40406.26953125
817,38347.0625
818,38053.50390625
819,35787.24609375
820,35615.87109375
821,35698.296875
822,31676.693359375
823,32505.66015625
824,33723.02734375
825,34662.4375
826,31637.779296875
827,32186.27734375
828,34649.64453125
829,34434.3359375
830,35867.77734375
831,35040.8359375
832,33572.1171875
833,33897.046875
834,34668.546875
835,35287.78125
836,33746.00390625
837,34235.1953125
838,33855.328125
839,32877.37109375
840,33798.01171875
841,33520.51953125
842,34240.1875
843,33155.84765625
844,32702.025390625
845,32822.34765625
846,31780.73046875
847,31421.5390625
848,31533.068359375
849,31796.810546875
850,30817.83203125
851,29807.34765625
852,32110.693359375
853,32313.10546875
854,33581.55078125
855,34292.4453125
856,35350.1875
857,37337.53515625
858,39406.94140625
859,39995.90625
860,40008.421875
861,42235.546875
862,41626.1953125
863,39974.89453125
864,39201.9453125
865,38152.98046875
866,39747.50390625
867,40869.5546875
868,42816.5
869,44555.80078125
870,43798.1171875
871,46365.40234375
872,45585.03125
873,45593.63671875
874,44428.2890625
875,47793.3203125
876,47096.9453125
877,47047.00390625
878,46004.484375
879,44695.359375
880,44801.1875
881,46717.578125
882,49339.17578125
883,48905.4921875
884,49321.65234375
885,49546.1484375
886,47706.1171875
887,48960.7890625
888,46942.21875
889,49058.66796875
890,48902.40234375
891,48829.83203125
892,47054.984375
893,47166.6875
894,48847.02734375
895,49327.72265625
896,50025.375
897,49944.625
898,51753.41015625
899,52633.53515625
900,46811.12890625
901,46091.390625
902,46391.421875
903,44883.91015625
904,45201.45703125
905,46063.26953125
906,44963.07421875
907,47092.4921875
908,48176.34765625
909,47783.359375
910,47267.51953125
911,48278.36328125
912,47260.21875
913,42843.80078125
914,40693.67578125
915,43574.5078125
916,44895.09765625
917,42839.75
918,42716.59375
919,43208.5390625
920,42235.73046875
921,41034.54296875
922,41564.36328125
923,43790.89453125
924,48116.94140625
925,47711.48828125
926,48199.953125
927,49112.90234375
928,51514.8125
929,55361.44921875
930,53805.984375
931,53967.84765625
932,54968.22265625
933,54771.578125
934,57484.7890625
935,56041.05859375
936,57401.09765625
937,57321.5234375
938,61593.94921875
939,60892.1796875
940,61553.6171875
941,62026.078125
942,64261.9921875
943,65992.8359375
944,62210.171875
945,60692.265625
946,61393.6171875
947,60930.8359375
948,63039.82421875
949,60363.79296875
950,58482.38671875
951,60622.13671875
952,62227.96484375
953,61888.83203125
954,61318.95703125
955,61004.40625
956,63226.40234375
957,62970.046875
958,61452.23046875
959,61125.67578125
960,61527.48046875
961,63326.98828125
962,67566.828125
963,66971.828125
964,64995.23046875
965,64949.9609375
966,64155.94140625
967,64469.52734375
968,65466.83984375
969,63557.87109375
970,60161.24609375
971,60368.01171875
972,56942.13671875
973,58119.578125
974,59697.1953125
975,58730.4765625
976,56289.2890625
977,57569.07421875
978,56280.42578125
979,57274.6796875
980,53569.765625
981,54815.078125
982,57248.45703125
983,57806.56640625
984,57005.42578125
985,57229.828125
986,56477.81640625
987,53598.24609375
988,49200.703125
989,49368.84765625
990,50582.625
991,50700.0859375
992,50504.796875
993,47672.12109375
994,47243.3046875
995,49362.5078125
996,50098.3359375
997,46737.48046875
998,46612.6328125
999,48896.72265625
1000,47665.42578125
1001,46202.14453125
1002,46848.77734375
1003,46707.015625
1004,46880.27734375
1005,48936.61328125
1006,48628.51171875
1007,50784.5390625
1008,50822.1953125
1009,50429.859375
1010,50809.515625
1011,50640.41796875
1012,47588.85546875
1013,46444.7109375
1014,47178.125
1015,46306.4453125
1016,47686.8125
1017,47345.21875
1018,46458.1171875
1019,45897.57421875
1020,43569.00390625
1021,43160.9296875
1022,41557.90234375
1023,41733.94140625
1024,41911.6015625
1025,41821.26171875
1026,42735.85546875
1027,43949.1015625
1028,42591.5703125
1029,43099.69921875
1030,43177.3984375
1031,43113.87890625
1032,42250.55078125
1033,42375.6328125
1034,41744.328125
1035,40680.41796875
1036,36457.31640625
1037,35030.25
1038,36276.8046875
1039,36654.328125
1040,36954.00390625
1041,36852.12109375
1042,37138.234375
1043,37784.33203125
1044,38138.1796875
1045,37917.6015625
1046,38483.125
1047,38743.2734375
1048,36952.984375
1049,37154.6015625
1050,41500.875
1051,41441.1640625
1052,42412.43359375
1053,43840.28515625
1054,44118.4453125
1055,44338.796875
1056,43565.11328125
1057,42407.9375
1058,42244.46875
1059,42197.515625
1060,42586.91796875
1061,44575.203125
1062,43961.859375
1063,40538.01171875
1064,40030.9765625
1065,40122.15625
1066,38431.37890625
1067,37075.28125
1068,38286.02734375
1069,37296.5703125
1070,38332.609375
1071,39214.21875
1072,39105.1484375
1073,37709.78515625
1074,43193.234375
1075,44354.63671875
1076,43924.1171875
1077,42451.7890625
1078,39137.60546875
1079,39400.5859375
1080,38419.984375
1081,38062.0390625
1082,38737.26953125
1083,41982.92578125
1084,39437.4609375
1085,38794.97265625
1086,38904.01171875
1087,37849.6640625
1088,39666.75390625
1089,39338.78515625
1090,41143.9296875
1091,40951.37890625
1092,41801.15625
1093,42190.65234375
1094,41247.82421875
1095,41077.99609375
1096,42358.80859375
1097,42892.95703125
1098,43960.93359375
1099,44348.73046875
1100,44500.828125
1101,46820.4921875
1102,47128.00390625
1103,47465.73046875
1104,47062.6640625
1105,45538.67578125
1106,46281.64453125
1107,45868.94921875
1108,46453.56640625
1109,46622.67578125
1110,45555.9921875
1111,43206.73828125
1112,43503.84765625
1113,42287.6640625
1114,42782.13671875
1115,42207.671875
1116,39521.90234375
1117,40127.18359375
1118,41166.73046875
1119,39935.515625
1120,40553.46484375
1121,40424.484375
1122,39716.953125
1123,40826.21484375
1124,41502.75
1125,41374.37890625
1126,40527.36328125
1127,39740.3203125
1128,39486.73046875
1129,39469.29296875
1130,40458.30859375
1131,38117.4609375
1132,39241.12109375
1133,39773.828125
1134,38609.82421875
1135,37714.875
1136,38469.09375
1137,38529.328125
1138,37750.453125
1139,39698.37109375
1140,36575.140625
1141,36040.921875
1142,35501.953125
1143,34059.265625
1144,30296.953125
1145,31022.90625
1146,28936.35546875
1147,29047.751953125
1148,29283.103515625
1149,30101.265625
1150,31305.11328125
1151,29862.91796875
1152,30425.857421875
1153,28720.271484375
1154,30314.333984375
1155,29200.740234375
1156,29432.2265625
1157,30323.72265625
1158,29098.91015625
1159,29655.5859375
1160,29562.361328125
1161,29267.224609375
1162,28627.57421875
1163,28814.900390625
1164,29445.95703125
1165,31726.390625
1166,31792.310546875
1167,29799.080078125
1168,30467.48828125
1169,29704.390625
1170,29832.9140625
1171,29906.662109375
1172,31370.671875
1173,31155.478515625
1174,30214.35546875
1175,30111.998046875
1176,29083.8046875
1177,28360.810546875
1178,26762.6484375
1179,22487.388671875
1180,22206.79296875
1181,22572.83984375
1182,20381.650390625
1183,20471.482421875
1184,19017.642578125
1185,20553.271484375
1186,20599.537109375
1187,20710.59765625
1188,19987.029296875
1189,21085.876953125
1190,21231.65625
1191,21502.337890625
1192,21027.294921875
1193,20735.478515625
1194,20280.634765625
1195,20104.0234375
1196,19784.7265625
1197,19269.3671875
1198,19242.255859375
1199,19297.076171875
1200,20231.26171875
1201,20190.115234375
1202,20548.24609375
1203,21637.587890625
1204,21731.1171875
1205,21592.20703125
1206,20860.44921875
1207,19970.556640625
1208,19323.9140625
1209,20212.07421875
1210,20569.919921875
1211,20836.328125
1212,21190.31640625
1213,20779.34375
1214,22485.689453125
1215,23389.43359375
1216,23231.732421875
1217,23164.62890625
1218,22714.978515625
1219,22465.478515625
1220,22609.1640625
1221,21361.701171875
1222,21239.75390625
1223,22930.548828125
1224,23843.88671875
1225,23804.6328125
1226,23656.20703125
1227,23336.896484375
1228,23314.19921875
1229,22978.1171875
1230,22846.5078125
1231,22630.95703125
1232,23289.314453125
1233,22961.279296875
1234,23175.890625
1235,23809.486328125
1236,23164.318359375
1237,23947.642578125
1238,23957.529296875
1239,24402.818359375
1240,24424.068359375
1241,24319.333984375
1242,24136.97265625
1243,23883.291015625
1244,23335.998046875
1245,23212.73828125
1246,20877.552734375
1247,21166.060546875
1248,21534.12109375
1249,21398.908203125
1250,21528.087890625
1251,21395.01953125
1252,21600.904296875
1253,20260.01953125
1254,20041.73828125
1255,19616.814453125
1256,20297.994140625
1257,19796.80859375
1258,20049.763671875
1259,20127.140625
1260,19969.771484375
1261,19832.087890625
1262,19986.712890625
1263,19812.37109375
1264,18837.66796875
1265,19290.32421875
1266,19329.833984375
1267,21381.15234375
1268,21680.5390625
1269,21769.255859375
1270,22370.44921875
1271,20296.70703125
1272,20241.08984375
1273,19701.2109375
1274,19772.583984375
1275,20127.576171875
1276,19419.505859375
1277,19544.12890625
1278,18890.7890625
1279,18547.400390625
1280,19413.55078125
1281,19297.638671875
1282,18937.01171875
1283,18802.09765625
1284,19222.671875
1285,19110.546875
1286,19426.720703125
1287,19573.05078125
1288,19431.7890625
1289,19312.095703125
1290,19044.107421875
1291,19623.580078125
1292,20336.84375
1293,20160.716796875
1294,19955.443359375
1295,19546.849609375
1296,19416.568359375
1297,19446.42578125
1298,19141.484375
1299,19051.41796875
1300,19157.4453125
1301,19382.904296875
1302,19185.65625
1303,19067.634765625
1304,19268.09375
1305,19550.7578125
1306,19334.416015625
1307,19139.53515625
1308,19053.740234375
1309,19172.46875
1310,19208.189453125
1311,19567.0078125
1312,19345.572265625
1313,20095.857421875
1314,20770.44140625
1315,20285.8359375
1316,20595.3515625
1317,20818.4765625
1318,20635.603515625
1319,20495.7734375
1320,20485.2734375
1321,20159.50390625
1322,20209.98828125
1323,21147.23046875
1324,21282.69140625
1325,20926.486328125
1326,20602.81640625
1327,18541.271484375
1328,15880.7802734375
1329,17586.771484375
1330,17034.29296875
1331,16799.185546875
1332,16353.365234375
1333,16618.19921875
1334,16884.61328125
1335,16669.439453125
1336,16687.517578125
1337,16697.77734375
1338,16711.546875
1339,16291.83203125
1340,15787.2841796875
1341,16189.76953125
1342,16610.70703125
1343,16604.46484375
1344,16521.841796875
1345,16464.28125
1346,16444.626953125
1347,16217.322265625
1348,16444.982421875
1349,17168.56640625
1350,16967.1328125
1351,17088.66015625
1352,16908.236328125
1353,17130.486328125
1354,16974.826171875
1355,17089.50390625
1356,16848.126953125
1357,17233.474609375
1358,17133.15234375
1359,17128.724609375
1360,17104.193359375
1361,17206.4375
1362,17781.318359375
1363,17815.650390625
1364,17364.865234375
1365,16647.484375
1366,16795.091796875
1367,16757.9765625
1368,16439.6796875
1369,16906.3046875
1370,16817.53515625
1371,16830.341796875
1372,16796.953125
1373,16847.755859375
1374,16841.986328125
1375,16919.8046875
1376,16717.173828125
1377,16552.572265625
1378,16642.341796875
1379,16602.5859375
1380,16547.49609375
1381,16625.080078125
1382,16688.470703125
1383,16679.857421875
1384,16863.23828125
1385,16836.736328125
1386,16951.96875
1387,16955.078125
1388,17091.14453125
1389,17196.5546875
1390,17446.29296875
1391,17934.896484375
1392,18869.587890625
1393,19909.57421875
1394,20976.298828125
1395,20880.798828125
1396,21169.6328125
1397,21161.51953125
1398,20688.78125
1399,21086.79296875
1400,22676.552734375
1401,22777.625
1402,22720.416015625
1403,22934.431640625
1404,22636.46875
1405,23117.859375
1406,23032.77734375
1407,23078.728515625
1408,23031.08984375
1409,23774.56640625
1410,22840.138671875
1411,23139.283203125
1412,23723.76953125
1413,23471.87109375
1414,23449.322265625
1415,23331.84765625
1416,22955.666015625
1417,22760.109375
1418,23264.291015625
1419,22939.3984375
1420,21819.0390625
1421,21651.18359375
1422,21870.875
1423,21788.203125
1424,21808.1015625
1425,22220.8046875
1426,24307.841796875
1427,23623.474609375
1428,24565.6015625
1429,24641.27734375
1430,24327.642578125
1431,24829.1484375
1432,24436.353515625
1433,24188.84375
1434,23947.4921875
1435,23198.126953125
1436,23175.375
1437,23561.212890625
1438,23522.87109375
1439,23147.353515625
1440,23646.55078125
1441,23475.466796875
1442,22362.6796875
1443,22353.349609375
1444,22435.513671875
1445,22429.7578125
1446,22219.76953125
1447,21718.080078125
1448,20363.021484375
1449,20187.244140625
1450,20632.41015625
1451,22163.94921875
1452,24197.533203125
1453,24746.07421875
1454,24375.9609375
1455,25052.7890625
1456,27423.9296875
1457,26965.87890625
1458,28038.67578125
1459,27767.236328125
1460,28175.81640625
1461,27307.4375
1462,28333.97265625
1463,27493.28515625
1464,27494.70703125
1465,27994.330078125
1466,27139.888671875
1467,27268.130859375
1468,28348.44140625
1469,28033.5625
1470,28478.484375
1471,28411.03515625
1472,28199.30859375
1473,27790.220703125
1474,28168.08984375
1475,28177.984375
1476,28044.140625
1477,27925.859375
1478,27947.794921875
1479,28333.05078125
1480,29652.98046875
1481,30235.05859375
1482,30139.052734375
1483,30399.06640625
1484,30485.69921875
1485,30318.49609375
1486,30315.35546875
1487,29445.044921875
1488,30397.552734375
1489,28822.6796875
1490,28245.98828125
1491,27276.91015625
1492,27817.5
1493,27591.384765625
1494,27525.33984375
1495,28307.59765625
1496,28422.701171875
1497,29473.787109375
1498,29340.26171875
1499,29248.48828125
1500,29268.806640625
1501,28091.568359375
1502,28680.537109375
1503,29006.30859375
1504,28847.7109375
1505,29534.384765625
1506,28904.623046875
1507,28454.978515625
1508,27694.2734375
1509,27658.775390625
1510,27621.755859375
1511,27000.7890625
1512,26804.990234375
1513,26784.078125
1514,26930.638671875
1515,27192.693359375
1516,27036.650390625
1517,27398.802734375
1518,26832.208984375
1519,26890.12890625
1520,27129.5859375
1521,26753.826171875
1522,26851.27734375
1523,27225.7265625
1524,26334.818359375
1525,26476.20703125
1526,26719.291015625
1527,26868.353515625
1528,28085.646484375
1529,27745.884765625
1530,27702.349609375
1531,27219.658203125
1532,26819.97265625
1533,27249.58984375
1534,27075.12890625
1535,27119.06640625
1536,25760.09765625
1537,27238.783203125
1538,26345.998046875
1539,26508.216796875
1540,26480.375
1541,25851.240234375
1542,25940.16796875
1543,25902.5
1544,25918.728515625
1545,25124.67578125
1546,25576.39453125
1547,26327.462890625
1548,26510.67578125
1549,26336.212890625
1550,26851.029296875
1551,28327.48828125
1552,30027.296875
1553,29912.28125
1554,30695.46875
1555,30548.6953125
1556,30480.26171875
1557,30271.130859375
1558,30688.1640625
1559,30086.24609375
1560,30445.3515625
1561,30477.251953125
1562,30590.078125
1563,30620.76953125
1564,31156.439453125
1565,30777.58203125
1566,30514.166015625
1567,29909.337890625
1568,30342.265625
1569,30292.541015625
1570,30171.234375
1571,30414.470703125
1572,30620.951171875
1573,30391.646484375
1574,31476.048828125
1575,30334.068359375
1576,30295.806640625
1577,30249.1328125
1578,30145.888671875
1579,29856.5625
1580,29913.923828125
1581,29792.015625
1582,29908.744140625
1583,29771.802734375
1584,30084.5390625
1585,29176.916015625
1586,29227.390625
1587,29354.97265625
1588,29210.689453125
1589,29319.24609375
1590,29356.91796875
1591,29275.30859375
1592,29230.111328125
1593,29675.732421875
1594,29151.958984375
1595,29178.6796875
1596,29074.091796875
1597,29042.126953125
1598,29041.85546875
1599,29180.578125
1600,29765.4921875
1601,29561.494140625
1602,29429.591796875
1603,29397.71484375
1604,29415.96484375
1605,29282.9140625
1606,29408.443359375
1607,29170.34765625
1608,28701.779296875
1609,26664.55078125
1610,26049.556640625
1611,26096.205078125
1612,26189.583984375
1613,26124.140625
1614,26031.65625
1615,26431.640625
1616,26162.373046875
1617,26047.66796875
1618,26008.462890625
1619,26089.693359375
1620,26106.150390625
1621,27727.392578125
1622,27297.265625
1623,25931.47265625
1624,25800.724609375
1625,25868.798828125
1626,25969.56640625
1627,25812.416015625
1628,25779.982421875
1629,25753.236328125
1630,26240.1953125
1631,25905.654296875
1632,25895.677734375
1633,25832.2265625
1634,25162.654296875
1635,25833.34375
1636,26228.32421875
1637,26539.673828125
1638,26608.693359375
1639,26568.28125
1640,26534.1875
1641,26754.28125
1642,27211.1171875
1643,27132.0078125
1644,26567.6328125
1645,26579.568359375
1646,26579.390625
1647,26256.826171875
1648,26298.48046875
1649,26217.25
1650,26352.716796875
1651,27021.546875
1652,26911.720703125
1653,26967.916015625
1654,27983.75
1655,27530.78515625
1656,27429.978515625
1657,27799.39453125
1658,27415.912109375
1659,27946.59765625
1660,27968.83984375
1661,27935.08984375
1662,27583.677734375
1663,27391.01953125
1664,26873.3203125
1665,26756.798828125
1666,26862.375
1667,26861.70703125
1668,27159.65234375
1669,28519.466796875
1670,28415.748046875
1671,28328.341796875
1672,28719.806640625
1673,29682.94921875
1674,29918.412109375
1675,29993.896484375
1676,33086.234375
1677,33901.52734375
1678,34502.8203125
1679,34156.6484375
1680,33909.80078125
1681,34089.57421875
1682,34538.48046875
1683,34502.36328125
1684,34667.78125
1685,35437.25390625
1686,34938.2421875
1687,34732.32421875
1688,35082.1953125
1689,35049.35546875
1690,35037.37109375
1691,35443.5625
1692,35655.27734375
1693,36693.125
1694,37313.96875
1695,37138.05078125
1696,37054.51953125
1697,36502.35546875
1698,35537.640625
1699,37880.58203125
1700,36154.76953125
1701,36596.68359375
1702,36585.703125
1703,37386.546875
1704,37476.95703125
1705,35813.8125
1706,37432.33984375
1707,37289.62109375
1708,37720.28125
1709,37796.79296875
1710,37479.12109375
1711,37254.16796875
1712,37831.0859375
1713,37858.4921875
1714,37712.74609375
1715,38688.75
1716,39476.33203125
1717,39978.390625
1718,41980.09765625
1719,44080.6484375
1720,43746.4453125
1721,43292.6640625
1722,44166.6015625
1723,43725.984375
1724,43779.69921875
1725,41243.83203125
1726,41450.22265625
1727,42890.7421875
1728,43023.97265625
1729,41929.7578125
1730,42240.1171875
1731,41364.6640625
1732,42623.5390625
1733,42270.52734375
1734,43652.25
1735,43869.15234375
1736,43997.90234375
1737,43739.54296875
1738,43016.1171875
1739,43613.140625
1740,42520.40234375
1741,43442.85546875
1742,42627.85546875
1743,42099.40234375
1744,42156.90234375
1745,42265.1875
1746,44167.33203125
1747,44957.96875
1748,42848.17578125
1749,44179.921875
1750,44162.69140625
1751,43989.1953125
1752,43943.09765625
1753,46970.50390625
1754,46139.73046875
1755,46627.77734375
1756,46368.5859375
1757,42853.16796875
1758,42842.3828125
1759,41796.26953125
1760,42511.96875
1761,43154.9453125
1762,42742.65234375
1763,41262.05859375
1764,41618.40625
1765,41665.5859375
1766,41545.78515625
1767,39507.3671875
1768,39845.55078125
1769,40077.07421875
1770,39933.80859375
1771,41816.87109375
1772,42120.0546875
1773,42035.59375
1774,43288.24609375
1775,42952.609375
1776,42582.60546875
1777,43075.7734375
1778,43185.859375
1779,42992.25
1780,42583.58203125
1781,42658.66796875
1782,43084.671875
1783,44318.22265625
1784,45301.56640625
1785,47147.19921875
1786,47771.27734375
1787,48293.91796875
1788,49958.22265625
1789,49742.44140625
1790,51826.6953125
1791,51938.5546875
1792,52160.203125
1793,51662.99609375
1794,52122.546875
1795,51779.14453125
1796,52284.875
1797,51839.1796875
1798,51304.97265625
1799,50731.94921875
1800,51571.1015625
1801,51733.23828125
1802,54522.40234375
1803,57085.37109375
1804,62504.7890625
1805,61198.3828125
1806,62440.6328125
1807,62029.84765625
1808,63167.37109375
1809,68330.4140625
1810,63801.19921875
1811,66106.8046875
1812,66925.484375
1813,68300.09375
1814,68498.8828125
1815,69019.7890625
1816,72123.90625
1817,71481.2890625
1818,73083.5
1819,71396.59375
1820,69403.7734375
1821,65315.1171875
1822,68390.625
1823,67548.59375
1824,61912.7734375
1825,67913.671875
1826,65491.390625
